ID,Assay,Structure,Location,Date,Species,Weigth_in,Grazing
22_1,22,1,Pilli Pipa,26/10/2018,Padina,21.83,0
22_1,22,1,Pilli Pipa,26/10/2018,Sargassum,41.74,0.850053068
22_1,22,1,Pilli Pipa,26/10/2018,Thalassia,2.01,8.734532932
22_10,22,10,Pilli Pipa,26/10/2018,Padina,18.86,40.3662123
22_10,22,10,Pilli Pipa,26/10/2018,Sargassum,38.84,20.26573036
22_10,22,10,Pilli Pipa,26/10/2018,Thalassia,1.56,49.62266506
22_2,22,2,Pilli Pipa,26/10/2018,Padina,18.45,18.2140037
22_2,22,2,Pilli Pipa,26/10/2018,Sargassum,40.08,24.55092916
22_2,22,2,Pilli Pipa,26/10/2018,Thalassia,1.82,0
22_3,22,3,Pilli Pipa,26/10/2018,Padina,20.36,0
22_3,22,3,Pilli Pipa,26/10/2018,Sargassum,41.1,33.99868861
22_3,22,3,Pilli Pipa,26/10/2018,Thalassia,2.01,39.1520275
22_4,22,4,Pilli Pipa,26/10/2018,Padina,21.97,19.08216563
22_4,22,4,Pilli Pipa,26/10/2018,Sargassum,39.63,0
22_4,22,4,Pilli Pipa,26/10/2018,Thalassia,2,7.778916644
22_5,22,5,Pilli Pipa,26/10/2018,Padina,21.23,0
22_5,22,5,Pilli Pipa,26/10/2018,Sargassum,38.79,8.379595584
22_5,22,5,Pilli Pipa,26/10/2018,Thalassia,1.7,0
22_6,22,6,Pilli Pipa,26/10/2018,Padina,22.23,31.57555539
22_6,22,6,Pilli Pipa,26/10/2018,Sargassum,36.7,56.06067977
22_6,22,6,Pilli Pipa,26/10/2018,Thalassia,2.08,13.20697705
22_7,22,7,Pilli Pipa,26/10/2018,Padina,27.22,12.10217782
22_7,22,7,Pilli Pipa,26/10/2018,Sargassum,35.81,0
22_7,22,7,Pilli Pipa,26/10/2018,Thalassia,1.45,8.007310073
22_8,22,8,Pilli Pipa,26/10/2018,Padina,19.98,0
22_8,22,8,Pilli Pipa,26/10/2018,Sargassum,39.33,2.658988326
22_8,22,8,Pilli Pipa,26/10/2018,Thalassia,2.08,56.31792608
22_9,22,9,Pilli Pipa,26/10/2018,Padina,23.36,19.55992802
22_9,22,9,Pilli Pipa,26/10/2018,Sargassum,43.03,4.664938415
22_9,22,9,Pilli Pipa,26/10/2018,Thalassia,2.02,17.75186445
23_1,23,1,Wasini,30/10/2018,Padina,20.72,61.83507695
23_1,23,1,Wasini,30/10/2018,Sargassum,38.41,0
23_1,23,1,Wasini,30/10/2018,Thalassia,1.76,63.75875343
23_10,23,10,Wasini,30/10/2018,Padina,20.14,71.54781725
23_10,23,10,Wasini,30/10/2018,Sargassum,19.78,0
23_10,23,10,Wasini,30/10/2018,Thalassia,2.15,46.10449038
23_11,23,11,Wasini,30/10/2018,Padina,15.68,93.97006068
23_11,23,11,Wasini,30/10/2018,Sargassum,19.75,22.53195062
23_11,23,11,Wasini,30/10/2018,Thalassia,2.03,77.48162939
23_2,23,2,Wasini,30/10/2018,Padina,19.99,86.52712999
23_2,23,2,Wasini,30/10/2018,Sargassum,40.71,0
23_2,23,2,Wasini,30/10/2018,Thalassia,1.8,67.51710493
23_3,23,3,Wasini,30/10/2018,Padina,20.82,92.01835646
23_3,23,3,Wasini,30/10/2018,Sargassum,40.9,51.98308827
23_3,23,3,Wasini,30/10/2018,Thalassia,1.82,63.20119579
23_5,23,5,Wasini,30/10/2018,Padina,16.62,73.27942873
23_5,23,5,Wasini,30/10/2018,Sargassum,41.42,0
23_5,23,5,Wasini,30/10/2018,Thalassia,1.99,77.56320816
23_6,23,6,Wasini,30/10/2018,Padina,18.2,86.8550134
23_6,23,6,Wasini,30/10/2018,Sargassum,34.88,36.21023175
23_6,23,6,Wasini,30/10/2018,Thalassia,1.7,77.48779037
23_7,23,7,Wasini,30/10/2018,Padina,17.01,50.9002472
23_7,23,7,Wasini,30/10/2018,Sargassum,25.61,9.131007716
23_7,23,7,Wasini,30/10/2018,Thalassia,1.83,57.59312059
23_8,23,8,Wasini,30/10/2018,Padina,18.15,95.89567466
23_8,23,8,Wasini,30/10/2018,Sargassum,19.44,73.46274686
23_8,23,8,Wasini,30/10/2018,Thalassia,1.63,97.39122315
23_9,23,9,Wasini,30/10/2018,Padina,26.2,77.96470753
23_9,23,9,Wasini,30/10/2018,Sargassum,22.85,63.67809577
23_9,23,9,Wasini,30/10/2018,Thalassia,1.8,82.87265533
24_1,24,1,Firefly,31/10/2018,Padina,16.59,37.50061594
24_1,24,1,Firefly,31/10/2018,Sargassum,40.4,1.358985398
24_1,24,1,Firefly,31/10/2018,Thalassia,1.78,0
24_10,24,10,Firefly,31/10/2018,Sargassum,34.7,57.54553684
24_10,24,10,Firefly,31/10/2018,Thalassia,1.53,0
24_11,24,11,Firefly,31/10/2018,Padina,25.34,0
24_11,24,11,Firefly,31/10/2018,Sargassum,40.01,13.39466322
24_11,24,11,Firefly,31/10/2018,Thalassia,1.76,9.398975684
24_2,24,2,Firefly,31/10/2018,Padina,17.65,4.519164384
24_2,24,2,Firefly,31/10/2018,Sargassum,33.49,6.529523245
24_2,24,2,Firefly,31/10/2018,Thalassia,1.79,0
24_4,24,4,Firefly,31/10/2018,Padina,17.52,33.02317762
24_4,24,4,Firefly,31/10/2018,Sargassum,40.56,12.67897989
24_4,24,4,Firefly,31/10/2018,Thalassia,2.01,0
24_5,24,5,Firefly,31/10/2018,Padina,17.23,47.90227469
24_5,24,5,Firefly,31/10/2018,Sargassum,39.05,32.17312864
24_5,24,5,Firefly,31/10/2018,Thalassia,2.06,4.818427673
24_6,24,6,Firefly,31/10/2018,Padina,19.57,10.83787018
24_6,24,6,Firefly,31/10/2018,Sargassum,32.71,1.605427219
24_6,24,6,Firefly,31/10/2018,Thalassia,1.65,3.358907396
24_7,24,7,Firefly,31/10/2018,Padina,23.74,44.76289012
24_7,24,7,Firefly,31/10/2018,Sargassum,35.79,46.20089201
24_7,24,7,Firefly,31/10/2018,Thalassia,2.24,8.775794035
24_8,24,8,Firefly,31/10/2018,Padina,19.03,27.67741584
24_8,24,8,Firefly,31/10/2018,Sargassum,36.83,55.28278791
24_8,24,8,Firefly,31/10/2018,Thalassia,2,0
24_9,24,9,Firefly,31/10/2018,Padina,26.37,27.89682451
24_9,24,9,Firefly,31/10/2018,Sargassum,37.86,42.79781556
24_9,24,9,Firefly,31/10/2018,Thalassia,1.58,0
25_1,25,1,Dolphin Point,06/11/2018,Padina,25.2,92.13940626
25_1,25,1,Dolphin Point,06/11/2018,Sargassum,39.59,100
25_1,25,1,Dolphin Point,06/11/2018,Thalassia,1.57,84.119281
25_11,25,11,Dolphin Point,06/11/2018,Padina,23.05,100
25_11,25,11,Dolphin Point,06/11/2018,Sargassum,43.28,100
25_11,25,11,Dolphin Point,06/11/2018,Thalassia,1.61,52.65217392
25_2,25,2,Dolphin Point,06/11/2018,Padina,25.34,93.79283866
25_2,25,2,Dolphin Point,06/11/2018,Sargassum,37.16,57.12567288
25_2,25,2,Dolphin Point,06/11/2018,Thalassia,1.69,64.1714013
25_3,25,3,Dolphin Point,06/11/2018,Padina,20.92,100
25_3,25,3,Dolphin Point,06/11/2018,Sargassum,43.39,100
25_3,25,3,Dolphin Point,06/11/2018,Thalassia,1.64,99.00572082
25_4,25,4,Dolphin Point,06/11/2018,Padina,24.18,87.55521053
25_4,25,4,Dolphin Point,06/11/2018,Sargassum,38.17,44.77860817
25_4,25,4,Dolphin Point,06/11/2018,Thalassia,1.77,48.04445113
25_5,25,5,Dolphin Point,06/11/2018,Padina,26.11,77.2258674
25_5,25,5,Dolphin Point,06/11/2018,Sargassum,37.52,97.77413653
25_5,25,5,Dolphin Point,06/11/2018,Thalassia,1.55,8.965398249
25_6,25,6,Dolphin Point,06/11/2018,Padina,24.12,87.2261616
25_6,25,6,Dolphin Point,06/11/2018,Sargassum,46.4,100
25_6,25,6,Dolphin Point,06/11/2018,Thalassia,1.66,75.97995989
25_7,25,7,Dolphin Point,06/11/2018,Padina,20.73,95.85775277
25_7,25,7,Dolphin Point,06/11/2018,Sargassum,38.23,96.98896493
25_7,25,7,Dolphin Point,06/11/2018,Thalassia,1.71,100
25_8,25,8,Dolphin Point,06/11/2018,Padina,22.31,84.96745692
25_8,25,8,Dolphin Point,06/11/2018,Sargassum,36.22,100
25_8,25,8,Dolphin Point,06/11/2018,Thalassia,1.6,55.75136227
25_9,25,9,Dolphin Point,06/11/2018,Padina,24.83,93.18535626
25_9,25,9,Dolphin Point,06/11/2018,Sargassum,43.16,100
25_9,25,9,Dolphin Point,06/11/2018,Thalassia,1.69,60.93136704
26_10,26,10,Lower Mpunguti,06/11/2018,Padina,18.64,100
26_10,26,10,Lower Mpunguti,06/11/2018,Sargassum,28.43,31.64712313
26_10,26,10,Lower Mpunguti,06/11/2018,Thalassia,1.86,5.023196462
26_11,26,11,Lower Mpunguti,06/11/2018,Padina,19.15,84.54975856
26_11,26,11,Lower Mpunguti,06/11/2018,Sargassum,31.08,36.33187185
26_11,26,11,Lower Mpunguti,06/11/2018,Thalassia,1.83,52.13581794
26_2,26,2,Lower Mpunguti,06/11/2018,Padina,19.55,67.50615064
26_2,26,2,Lower Mpunguti,06/11/2018,Sargassum,35.49,6.609461133
26_2,26,2,Lower Mpunguti,06/11/2018,Thalassia,1.77,83.85414957
26_3,26,3,Lower Mpunguti,06/11/2018,Padina,19.24,78.13682376
26_3,26,3,Lower Mpunguti,06/11/2018,Sargassum,37.98,100
26_3,26,3,Lower Mpunguti,06/11/2018,Thalassia,1.54,38.18763235
26_4,26,4,Lower Mpunguti,06/11/2018,Padina,25.92,87.1562165
26_4,26,4,Lower Mpunguti,06/11/2018,Sargassum,31.36,100
26_4,26,4,Lower Mpunguti,06/11/2018,Thalassia,1.5,0
26_5,26,5,Lower Mpunguti,06/11/2018,Padina,25.55,90.69705263
26_5,26,5,Lower Mpunguti,06/11/2018,Sargassum,36.21,29.45081766
26_5,26,5,Lower Mpunguti,06/11/2018,Thalassia,1.46,100
26_6,26,6,Lower Mpunguti,06/11/2018,Padina,22.33,94.21337899
26_6,26,6,Lower Mpunguti,06/11/2018,Sargassum,41.45,8.15332925
26_6,26,6,Lower Mpunguti,06/11/2018,Thalassia,1.53,57.99884203
26_7,26,7,Lower Mpunguti,06/11/2018,Padina,24.11,99.40069558
26_7,26,7,Lower Mpunguti,06/11/2018,Sargassum,27.84,36.2219548
26_7,26,7,Lower Mpunguti,06/11/2018,Thalassia,1.75,44.56892726
26_8,26,8,Lower Mpunguti,06/11/2018,Padina,22.23,69.23902758
26_8,26,8,Lower Mpunguti,06/11/2018,Sargassum,29.94,0
26_8,26,8,Lower Mpunguti,06/11/2018,Thalassia,1.57,0
26_9,26,9,Lower Mpunguti,06/11/2018,Padina,21.96,96.66856693
26_9,26,9,Lower Mpunguti,06/11/2018,Sargassum,29.29,100
26_9,26,9,Lower Mpunguti,06/11/2018,Thalassia,1.63,4.802193769
30_1,30,1,Wasini,13/11/2018,Padina,22.15,90.16928916
30_1,30,1,Wasini,13/11/2018,Sargassum,50.16,88.10587406
30_1,30,1,Wasini,13/11/2018,Thalassia,1.56,18.22487954
30_11,30,11,Wasini,13/11/2018,Padina,19.06,63.77242983
30_11,30,11,Wasini,13/11/2018,Sargassum,44.7,32.64438348
30_11,30,11,Wasini,13/11/2018,Thalassia,1.22,29.41868701
30_2,30,2,Wasini,13/11/2018,Padina,18.3,94.2071045
30_2,30,2,Wasini,13/11/2018,Sargassum,38.55,18.79059761
30_2,30,2,Wasini,13/11/2018,Thalassia,1.39,60.23022919
30_3,30,3,Wasini,13/11/2018,Padina,18.73,82.40840884
30_3,30,3,Wasini,13/11/2018,Sargassum,49.2,15.21910206
30_3,30,3,Wasini,13/11/2018,Thalassia,1.25,43.01909606
30_4,30,4,Wasini,13/11/2018,Padina,23.42,77.79581696
30_4,30,4,Wasini,13/11/2018,Sargassum,45.6,60.00254393
30_4,30,4,Wasini,13/11/2018,Thalassia,1.29,76.92546989
30_5,30,5,Wasini,13/11/2018,Padina,27.77,79.82953353
30_5,30,5,Wasini,13/11/2018,Sargassum,41.92,8.10821695
30_5,30,5,Wasini,13/11/2018,Thalassia,1.2,56.59104022
30_6,30,6,Wasini,13/11/2018,Padina,26.33,86.72440388
30_6,30,6,Wasini,13/11/2018,Sargassum,42.6,30.62681893
30_6,30,6,Wasini,13/11/2018,Thalassia,1.34,64.29966756
30_7,30,7,Wasini,13/11/2018,Padina,18,76.20346372
30_7,30,7,Wasini,13/11/2018,Sargassum,34.18,22.43075343
30_7,30,7,Wasini,13/11/2018,Thalassia,1.31,68.35115567
30_8,30,8,Wasini,13/11/2018,Padina,20.83,90.57792924
30_8,30,8,Wasini,13/11/2018,Sargassum,33.74,0.858071774
30_8,30,8,Wasini,13/11/2018,Thalassia,1.27,65.68020535
30_9,30,9,Wasini,13/11/2018,Padina,15.76,68.00357073
30_9,30,9,Wasini,13/11/2018,Sargassum,41,8.661208599
30_9,30,9,Wasini,13/11/2018,Thalassia,1.13,13.44863357
32_1,32,1,Kisite,15/11/2018,Padina,16,79.08830796
32_1,32,1,Kisite,15/11/2018,Sargassum,47.86,81.67711517
32_1,32,1,Kisite,15/11/2018,Thalassia,1.31,38.38820818
32_10,32,10,Kisite,15/11/2018,Padina,18.86,80.18104145
32_10,32,10,Kisite,15/11/2018,Sargassum,47.39,96.22663014
32_10,32,10,Kisite,15/11/2018,Thalassia,1.34,22.44044117
32_2,32,2,Kisite,15/11/2018,Padina,22.21,74.97620322
32_2,32,2,Kisite,15/11/2018,Sargassum,39.33,0
32_2,32,2,Kisite,15/11/2018,Thalassia,1.34,34.81696652
32_3,32,3,Kisite,15/11/2018,Padina,23.62,92.41350226
32_3,32,3,Kisite,15/11/2018,Sargassum,38,72.4052509
32_3,32,3,Kisite,15/11/2018,Thalassia,1.46,57.5920337
32_4,32,4,Kisite,15/11/2018,Padina,18.17,87.51836887
32_4,32,4,Kisite,15/11/2018,Sargassum,47.99,0
32_4,32,4,Kisite,15/11/2018,Thalassia,1.58,0
32_5,32,5,Kisite,15/11/2018,Padina,14.69,80.65425324
32_5,32,5,Kisite,15/11/2018,Sargassum,31.7,0
32_5,32,5,Kisite,15/11/2018,Thalassia,1.36,48.783026
32_6,32,6,Kisite,15/11/2018,Padina,31.7,85.95637856
32_6,32,6,Kisite,15/11/2018,Sargassum,44.75,1.507144129
32_6,32,6,Kisite,15/11/2018,Thalassia,1.37,80.63118953
32_7,32,7,Kisite,15/11/2018,Padina,20.37,41.99536825
32_7,32,7,Kisite,15/11/2018,Sargassum,34.12,0
32_7,32,7,Kisite,15/11/2018,Thalassia,1.36,0
32_8,32,8,Kisite,15/11/2018,Padina,17.22,82.43970286
32_8,32,8,Kisite,15/11/2018,Sargassum,44.01,0
32_8,32,8,Kisite,15/11/2018,Thalassia,1.27,38.18883878
32_9,32,9,Kisite,15/11/2018,Padina,19.6,69.14404931
32_9,32,9,Kisite,15/11/2018,Sargassum,37.4,0
32_9,32,9,Kisite,15/11/2018,Thalassia,1.44,15.54167427
34_1,34,1,Kisite,20/11/2018,Padina,15.65,68.69130551
34_1,34,1,Kisite,20/11/2018,Sargassum,45.07,83.9073905
34_1,34,1,Kisite,20/11/2018,Thalassia,1.34,62.87042397
34_10,34,10,Kisite,20/11/2018,Padina,17.32,79.71210025
34_10,34,10,Kisite,20/11/2018,Sargassum,37.28,94.74284556
34_10,34,10,Kisite,20/11/2018,Thalassia,1.21,44.2613123
34_2,34,2,Kisite,20/11/2018,Padina,22.31,100
34_2,34,2,Kisite,20/11/2018,Sargassum,35.58,97.42676114
34_2,34,2,Kisite,20/11/2018,Thalassia,1.65,57.1147146
34_3,34,3,Kisite,20/11/2018,Padina,17.81,86.79444621
34_3,34,3,Kisite,20/11/2018,Sargassum,47,98.63031491
34_3,34,3,Kisite,20/11/2018,Thalassia,1.6,45.40920946
34_4,34,4,Kisite,20/11/2018,Padina,17.86,96.0023941
34_4,34,4,Kisite,20/11/2018,Sargassum,39.64,92.78224026
34_4,34,4,Kisite,20/11/2018,Thalassia,1.53,72.53975292
34_5,34,5,Kisite,20/11/2018,Padina,16.67,87.31902624
34_5,34,5,Kisite,20/11/2018,Sargassum,42.8,63.36696872
34_5,34,5,Kisite,20/11/2018,Thalassia,1.42,54.84020893
34_6,34,6,Kisite,20/11/2018,Padina,17.97,85.19812337
34_6,34,6,Kisite,20/11/2018,Sargassum,43.16,95.52535687
34_6,34,6,Kisite,20/11/2018,Thalassia,1.52,73.81387795
34_7,34,7,Kisite,20/11/2018,Padina,16.56,86.13580137
34_7,34,7,Kisite,20/11/2018,Sargassum,45.48,95.09306603
34_7,34,7,Kisite,20/11/2018,Thalassia,1.48,56.67101127
34_8,34,8,Kisite,20/11/2018,Padina,16.38,87.43638285
34_8,34,8,Kisite,20/11/2018,Sargassum,43.73,96.46694539
34_8,34,8,Kisite,20/11/2018,Thalassia,1.35,59.05050874
34_9,34,9,Kisite,20/11/2018,Padina,19.64,81.11070945
34_9,34,9,Kisite,20/11/2018,Sargassum,33.97,96.58889142
34_9,34,9,Kisite,20/11/2018,Thalassia,1.24,62.55102976
35_1,35,1,Dolphin Point,20/11/2018,Padina,18.93,89.96750298
35_1,35,1,Dolphin Point,20/11/2018,Sargassum,36.6,90.17824374
35_1,35,1,Dolphin Point,20/11/2018,Thalassia,1.2,51.89786641
35_10,35,10,Dolphin Point,20/11/2018,Padina,18.97,79.69727729
35_10,35,10,Dolphin Point,20/11/2018,Sargassum,35.25,87.95110111
35_10,35,10,Dolphin Point,20/11/2018,Thalassia,1.51,58.29796968
35_11,35,11,Dolphin Point,20/11/2018,Padina,18.82,83.84006985
35_11,35,11,Dolphin Point,20/11/2018,Sargassum,38.52,92.26578085
35_11,35,11,Dolphin Point,20/11/2018,Thalassia,1.63,42.6959524
35_2,35,2,Dolphin Point,20/11/2018,Padina,19.15,60.60844061
35_2,35,2,Dolphin Point,20/11/2018,Sargassum,32.82,92.49796985
35_2,35,2,Dolphin Point,20/11/2018,Thalassia,1.46,28.11636326
35_3,35,3,Dolphin Point,20/11/2018,Padina,19.66,83.51724023
35_3,35,3,Dolphin Point,20/11/2018,Sargassum,36.36,83.81579361
35_3,35,3,Dolphin Point,20/11/2018,Thalassia,1.16,54.76288377
35_4,35,4,Dolphin Point,20/11/2018,Padina,17.22,88.97124456
35_4,35,4,Dolphin Point,20/11/2018,Sargassum,44.03,88.06103784
35_4,35,4,Dolphin Point,20/11/2018,Thalassia,1.12,0
35_6,35,6,Dolphin Point,20/11/2018,Padina,17.34,83.15010481
35_6,35,6,Dolphin Point,20/11/2018,Sargassum,45.67,98.19394415
35_6,35,6,Dolphin Point,20/11/2018,Thalassia,0.92,54.36951755
35_7,35,7,Dolphin Point,20/11/2018,Padina,19.49,64.22570529
35_7,35,7,Dolphin Point,20/11/2018,Sargassum,37.42,96.71009314
35_7,35,7,Dolphin Point,20/11/2018,Thalassia,1,75.86147478
35_8,35,8,Dolphin Point,20/11/2018,Padina,24.71,80.86621592
35_8,35,8,Dolphin Point,20/11/2018,Sargassum,31.49,89.7181687
35_8,35,8,Dolphin Point,20/11/2018,Thalassia,1.31,57.53926862
35_9,35,9,Dolphin Point,20/11/2018,Padina,17.61,75.86683743
35_9,35,9,Dolphin Point,20/11/2018,Sargassum,31.5,87.88457855
35_9,35,9,Dolphin Point,20/11/2018,Thalassia,1.49,54.21639512
36_1,36,1,Wasini,22/11/2018,Padina,18.15,78.45229198
36_1,36,1,Wasini,22/11/2018,Sargassum,36.21,46.77400985
36_1,36,1,Wasini,22/11/2018,Thalassia,1.48,54.02912147
36_10,36,10,Wasini,22/11/2018,Padina,18.6,89.21723461
36_10,36,10,Wasini,22/11/2018,Sargassum,39.17,28.25518257
36_10,36,10,Wasini,22/11/2018,Thalassia,1.18,53.15255811
36_11,36,11,Wasini,22/11/2018,Padina,24.16,87.54804825
36_11,36,11,Wasini,22/11/2018,Sargassum,46.24,60.03786164
36_11,36,11,Wasini,22/11/2018,Thalassia,1.79,30.51398982
36_2,36,2,Wasini,22/11/2018,Padina,16.23,81.99360752
36_2,36,2,Wasini,22/11/2018,Sargassum,47.25,78.88439202
36_2,36,2,Wasini,22/11/2018,Thalassia,1.88,24.22752136
36_3,36,3,Wasini,22/11/2018,Padina,22.9,76.85371447
36_3,36,3,Wasini,22/11/2018,Sargassum,48.56,58.44050857
36_3,36,3,Wasini,22/11/2018,Thalassia,1.68,56.97071043
36_4,36,4,Wasini,22/11/2018,Padina,15.07,80.32239867
36_4,36,4,Wasini,22/11/2018,Sargassum,37.77,89.61414335
36_4,36,4,Wasini,22/11/2018,Thalassia,1.52,56.63766639
36_5,36,5,Wasini,22/11/2018,Padina,16,31.32630019
36_5,36,5,Wasini,22/11/2018,Sargassum,39,95.31043764
36_5,36,5,Wasini,22/11/2018,Thalassia,1.12,0
36_6,36,6,Wasini,22/11/2018,Padina,16.88,49.58856419
36_6,36,6,Wasini,22/11/2018,Sargassum,40.78,30.68558617
36_6,36,6,Wasini,22/11/2018,Thalassia,1.36,35.90273646
36_7,36,7,Wasini,22/11/2018,Padina,18.11,83.62554102
36_7,36,7,Wasini,22/11/2018,Sargassum,37.46,36.79878616
36_7,36,7,Wasini,22/11/2018,Thalassia,1.3,28.037894
36_8,36,8,Wasini,22/11/2018,Padina,22.5,73.57709015
36_8,36,8,Wasini,22/11/2018,Sargassum,32.12,99.01826699
36_8,36,8,Wasini,22/11/2018,Thalassia,1.16,24.85148413
40_1,40,1,Pilli Pipa,27/11/2018,Padina,20.5,79.28646833
40_1,40,1,Pilli Pipa,27/11/2018,Sargassum,46.4,91.08237157
40_1,40,1,Pilli Pipa,27/11/2018,Thalassia,1.51,57.97807178
40_10,40,10,Pilli Pipa,27/11/2018,Padina,23.21,49.76950517
40_10,40,10,Pilli Pipa,27/11/2018,Sargassum,44.37,7.502817408
40_10,40,10,Pilli Pipa,27/11/2018,Thalassia,1.46,0
40_11,40,11,Pilli Pipa,27/11/2018,Padina,21.46,72.24237097
40_11,40,11,Pilli Pipa,27/11/2018,Sargassum,41.46,2.664304244
40_11,40,11,Pilli Pipa,27/11/2018,Thalassia,1.52,0
40_2,40,2,Pilli Pipa,27/11/2018,Padina,19.82,70.32409343
40_2,40,2,Pilli Pipa,27/11/2018,Sargassum,38.96,66.22407243
40_2,40,2,Pilli Pipa,27/11/2018,Thalassia,2.05,63.97304338
40_3,40,3,Pilli Pipa,27/11/2018,Padina,21.97,54.51525645
40_3,40,3,Pilli Pipa,27/11/2018,Sargassum,44.15,40.68881078
40_3,40,3,Pilli Pipa,27/11/2018,Thalassia,1.59,0
40_4,40,4,Pilli Pipa,27/11/2018,Padina,22.23,38.57806306
40_4,40,4,Pilli Pipa,27/11/2018,Sargassum,41.26,16.15666034
40_4,40,4,Pilli Pipa,27/11/2018,Thalassia,1.63,15.76173455
40_5,40,5,Pilli Pipa,27/11/2018,Padina,24.48,70.08906516
40_5,40,5,Pilli Pipa,27/11/2018,Sargassum,47.46,23.05454995
40_5,40,5,Pilli Pipa,27/11/2018,Thalassia,1.56,0
40_6,40,6,Pilli Pipa,27/11/2018,Padina,18.85,66.40901998
40_6,40,6,Pilli Pipa,27/11/2018,Sargassum,33.9,94.67768626
40_6,40,6,Pilli Pipa,27/11/2018,Thalassia,1.47,0
40_8,40,8,Pilli Pipa,27/11/2018,Padina,20.86,8.721415601
40_8,40,8,Pilli Pipa,27/11/2018,Sargassum,41,32.81682311
40_8,40,8,Pilli Pipa,27/11/2018,Thalassia,1.49,0.865421392
40_9,40,9,Pilli Pipa,27/11/2018,Padina,19.7,10.04915455
40_9,40,9,Pilli Pipa,27/11/2018,Sargassum,41.36,51.34535348
40_9,40,9,Pilli Pipa,27/11/2018,Thalassia,1.6,23.28414784
42_1,42,1,Lower Mpunguti,30/11/2018,Padina,13.9,65.26672782
42_1,42,1,Lower Mpunguti,30/11/2018,Sargassum,48.43,77.48417657
42_1,42,1,Lower Mpunguti,30/11/2018,Thalassia,1.48,0
42_2,42,2,Lower Mpunguti,30/11/2018,Padina,16.36,58.83657594
42_2,42,2,Lower Mpunguti,30/11/2018,Sargassum,37.29,0.86968508
42_2,42,2,Lower Mpunguti,30/11/2018,Thalassia,1.45,0
42_3,42,3,Lower Mpunguti,30/11/2018,Padina,16.55,66.34028701
42_3,42,3,Lower Mpunguti,30/11/2018,Sargassum,45.66,27.36206847
42_3,42,3,Lower Mpunguti,30/11/2018,Thalassia,1.42,55.14452329
42_5,42,5,Lower Mpunguti,30/11/2018,Padina,16.36,87.21209804
42_5,42,5,Lower Mpunguti,30/11/2018,Sargassum,40.41,0
42_5,42,5,Lower Mpunguti,30/11/2018,Thalassia,1.4,58.56589766
43_10,43,10,Dolphin Point,30/11/2018,Padina,22.09,55.95455035
43_10,43,10,Dolphin Point,30/11/2018,Sargassum,35.67,88.90986725
43_10,43,10,Dolphin Point,30/11/2018,Thalassia,2,57.11076148
43_6,43,6,Dolphin Point,30/11/2018,Padina,17.33,65.34303815
43_6,43,6,Dolphin Point,30/11/2018,Sargassum,37.38,86.92463829
43_6,43,6,Dolphin Point,30/11/2018,Thalassia,1.39,45.06615805
43_7,43,7,Dolphin Point,30/11/2018,Padina,18.09,56.39165068
43_7,43,7,Dolphin Point,30/11/2018,Sargassum,38.19,77.17307681
43_7,43,7,Dolphin Point,30/11/2018,Thalassia,1.42,64.38713468
43_8,43,8,Dolphin Point,30/11/2018,Padina,15.89,50.571562
43_8,43,8,Dolphin Point,30/11/2018,Sargassum,45.82,48.12678732
43_8,43,8,Dolphin Point,30/11/2018,Thalassia,1.58,0
43_9,43,9,Dolphin Point,30/11/2018,Padina,16.47,56.0106197
43_9,43,9,Dolphin Point,30/11/2018,Sargassum,44,19.31886357
43_9,43,9,Dolphin Point,30/11/2018,Thalassia,1.36,9.130566174
44_1,44,1,Kisite,03/12/2018,Padina,15.2,82.96118464
44_1,44,1,Kisite,03/12/2018,Sargassum,41.42,100
44_1,44,1,Kisite,03/12/2018,Thalassia,1.86,60.17331737
44_10,44,10,Kisite,03/12/2018,Padina,16.4,76.69602234
44_10,44,10,Kisite,03/12/2018,Sargassum,41.14,96.52270301
44_10,44,10,Kisite,03/12/2018,Thalassia,1.7,28.45882997
44_11,44,11,Kisite,03/12/2018,Padina,17.81,68.55820526
44_11,44,11,Kisite,03/12/2018,Sargassum,42.91,100
44_11,44,11,Kisite,03/12/2018,Thalassia,1.88,0
44_2,44,2,Kisite,03/12/2018,Padina,13.33,100
44_2,44,2,Kisite,03/12/2018,Sargassum,37.42,100
44_2,44,2,Kisite,03/12/2018,Thalassia,2,100
44_3,44,3,Kisite,03/12/2018,Padina,14.78,88.34957057
44_3,44,3,Kisite,03/12/2018,Sargassum,44,100
44_3,44,3,Kisite,03/12/2018,Thalassia,1.71,91.59457811
44_5,44,5,Kisite,03/12/2018,Padina,15.16,67.21762544
44_5,44,5,Kisite,03/12/2018,Sargassum,39.53,95.51253636
44_5,44,5,Kisite,03/12/2018,Thalassia,2,91.70772802
44_6,44,6,Kisite,03/12/2018,Padina,16.73,70.46139232
44_6,44,6,Kisite,03/12/2018,Sargassum,37.12,100
44_6,44,6,Kisite,03/12/2018,Thalassia,1.81,63.95992288
44_7,44,7,Kisite,03/12/2018,Padina,14.44,76.34440428
44_7,44,7,Kisite,03/12/2018,Sargassum,34.77,98.88912512
44_7,44,7,Kisite,03/12/2018,Thalassia,1.57,51.40834253
44_8,44,8,Kisite,03/12/2018,Padina,16.38,100
44_8,44,8,Kisite,03/12/2018,Sargassum,33.77,100
44_8,44,8,Kisite,03/12/2018,Thalassia,1.72,71.71628162
44_9,44,9,Kisite,03/12/2018,Padina,18.68,100
44_9,44,9,Kisite,03/12/2018,Sargassum,35.68,90.89862344
44_9,44,9,Kisite,03/12/2018,Thalassia,1.75,81.04623547
45_1,45,1,Lower Mpunguti,03/12/2018,Padina,13.5,73.59083852
45_1,45,1,Lower Mpunguti,03/12/2018,Sargassum,33.94,3.339558299
45_1,45,1,Lower Mpunguti,03/12/2018,Thalassia,1.44,32.07154246
45_10,45,10,Lower Mpunguti,03/12/2018,Padina,15.94,80.58454447
45_10,45,10,Lower Mpunguti,03/12/2018,Sargassum,35.19,8.3262285
45_10,45,10,Lower Mpunguti,03/12/2018,Thalassia,1.67,54.36751439
45_11,45,11,Lower Mpunguti,03/12/2018,Padina,17.29,83.17446967
45_11,45,11,Lower Mpunguti,03/12/2018,Sargassum,30.64,76.50616045
45_11,45,11,Lower Mpunguti,03/12/2018,Thalassia,1.5,59.05335768
45_2,45,2,Lower Mpunguti,03/12/2018,Padina,14.17,78.68350145
45_2,45,2,Lower Mpunguti,03/12/2018,Sargassum,44.22,53.87655983
45_2,45,2,Lower Mpunguti,03/12/2018,Thalassia,1.52,16.19108298
45_3,45,3,Lower Mpunguti,03/12/2018,Padina,16.05,68.53113936
45_3,45,3,Lower Mpunguti,03/12/2018,Sargassum,35.84,44.80307302
45_3,45,3,Lower Mpunguti,03/12/2018,Thalassia,1.66,0
45_4,45,4,Lower Mpunguti,03/12/2018,Padina,14.31,67.12696095
45_4,45,4,Lower Mpunguti,03/12/2018,Sargassum,34.25,12.93283413
45_4,45,4,Lower Mpunguti,03/12/2018,Thalassia,1.48,100
45_5,45,5,Lower Mpunguti,03/12/2018,Padina,13.52,1.569959126
45_5,45,5,Lower Mpunguti,03/12/2018,Sargassum,47.35,42.51100003
45_5,45,5,Lower Mpunguti,03/12/2018,Thalassia,1.52,55.10236588
45_6,45,6,Lower Mpunguti,03/12/2018,Padina,15.87,81.59096731
45_6,45,6,Lower Mpunguti,03/12/2018,Sargassum,38.34,40.89206154
45_6,45,6,Lower Mpunguti,03/12/2018,Thalassia,1.53,0
45_8,45,8,Lower Mpunguti,03/12/2018,Padina,14.95,49.57197113
45_8,45,8,Lower Mpunguti,03/12/2018,Sargassum,31.37,0
45_8,45,8,Lower Mpunguti,03/12/2018,Thalassia,1.57,6.544287709
45_9,45,9,Lower Mpunguti,03/12/2018,Padina,16.6,67.70943076
45_9,45,9,Lower Mpunguti,03/12/2018,Sargassum,45.16,3.326738515
45_9,45,9,Lower Mpunguti,03/12/2018,Thalassia,1.76,74.14984702
46_1,46,1,Wasini,06/12/2018,Padina,18.57,81.022532
46_1,46,1,Wasini,06/12/2018,Sargassum,39.25,68.92467118
46_1,46,1,Wasini,06/12/2018,Thalassia,1.73,70.50423401
46_10,46,10,Wasini,06/12/2018,Padina,16.15,68.86494378
46_10,46,10,Wasini,06/12/2018,Sargassum,40.27,82.49109049
46_10,46,10,Wasini,06/12/2018,Thalassia,1.88,49.10803674
46_11,46,11,Wasini,06/12/2018,Padina,17.95,64.56490662
46_11,46,11,Wasini,06/12/2018,Sargassum,39.55,37.07698597
46_11,46,11,Wasini,06/12/2018,Thalassia,1.6,10.30291475
46_2,46,2,Wasini,06/12/2018,Padina,18.57,100
46_2,46,2,Wasini,06/12/2018,Sargassum,34.12,71.46110211
46_2,46,2,Wasini,06/12/2018,Thalassia,1.6,62.79232019
46_3,46,3,Wasini,06/12/2018,Padina,16.08,76.5693267
46_3,46,3,Wasini,06/12/2018,Sargassum,35.19,93.79908532
46_3,46,3,Wasini,06/12/2018,Thalassia,1.47,72.51910918
46_4,46,4,Wasini,06/12/2018,Padina,17.21,70.86585761
46_4,46,4,Wasini,06/12/2018,Sargassum,38.51,64.1678619
46_4,46,4,Wasini,06/12/2018,Thalassia,1.6,12.29618331
46_6,46,6,Wasini,06/12/2018,Padina,17.22,73.29534635
46_6,46,6,Wasini,06/12/2018,Sargassum,36.04,92.86039303
46_6,46,6,Wasini,06/12/2018,Thalassia,1.58,69.0496696
46_7,46,7,Wasini,06/12/2018,Padina,17.82,43.72630858
46_7,46,7,Wasini,06/12/2018,Sargassum,37.59,40.00374966
46_7,46,7,Wasini,06/12/2018,Thalassia,1.58,0
46_8,46,8,Wasini,06/12/2018,Padina,17.89,84.78547757
46_8,46,8,Wasini,06/12/2018,Sargassum,41.14,52.60046054
46_8,46,8,Wasini,06/12/2018,Thalassia,1.51,73.2470798
46_9,46,9,Wasini,06/12/2018,Padina,19.7,100
46_9,46,9,Wasini,06/12/2018,Sargassum,37.91,86.45841361
46_9,46,9,Wasini,06/12/2018,Thalassia,1.49,65.03976394
50_1,50,1,Dolphin Point,11/12/2018,Padina,16.62,83.53886347
50_1,50,1,Dolphin Point,11/12/2018,Sargassum,36.09,43.03383607
50_1,50,1,Dolphin Point,11/12/2018,Thalassia,1.45,60.91513158
50_10,50,10,Dolphin Point,11/12/2018,Padina,18.7,86.00901678
50_10,50,10,Dolphin Point,11/12/2018,Sargassum,31.63,61.66244388
50_10,50,10,Dolphin Point,11/12/2018,Thalassia,1.58,44.86798038
50_11,50,11,Dolphin Point,11/12/2018,Padina,17.86,100
50_11,50,11,Dolphin Point,11/12/2018,Sargassum,33.74,76.97648293
50_11,50,11,Dolphin Point,11/12/2018,Thalassia,1.38,58.17205775
50_2,50,2,Dolphin Point,11/12/2018,Padina,16.71,100
50_2,50,2,Dolphin Point,11/12/2018,Sargassum,45.13,81.17776708
50_2,50,2,Dolphin Point,11/12/2018,Thalassia,1.32,23.67264753
50_3,50,3,Dolphin Point,11/12/2018,Padina,15.51,80.47699501
50_3,50,3,Dolphin Point,11/12/2018,Sargassum,34.1,62.74258627
50_3,50,3,Dolphin Point,11/12/2018,Thalassia,1.57,62.56556599
50_4,50,4,Dolphin Point,11/12/2018,Padina,19.43,77.17045362
50_4,50,4,Dolphin Point,11/12/2018,Sargassum,36.25,50.72271319
50_4,50,4,Dolphin Point,11/12/2018,Thalassia,1.35,68.90367122
50_5,50,5,Dolphin Point,11/12/2018,Padina,15.39,100
50_5,50,5,Dolphin Point,11/12/2018,Sargassum,37.69,80.98990736
50_5,50,5,Dolphin Point,11/12/2018,Thalassia,1.38,65.77713816
50_6,50,6,Dolphin Point,11/12/2018,Padina,18.48,87.20790572
50_6,50,6,Dolphin Point,11/12/2018,Sargassum,32.82,72.80514071
50_6,50,6,Dolphin Point,11/12/2018,Thalassia,1.39,67.53341932
50_8,50,8,Dolphin Point,11/12/2018,Padina,16.5,100
50_8,50,8,Dolphin Point,11/12/2018,Sargassum,35.63,51.73103685
50_8,50,8,Dolphin Point,11/12/2018,Thalassia,1.4,57.2703125
50_9,50,9,Dolphin Point,11/12/2018,Padina,19.49,100
50_9,50,9,Dolphin Point,11/12/2018,Sargassum,33.82,52.46024274
50_9,50,9,Dolphin Point,11/12/2018,Thalassia,1.48,54.6161688
52_1,52,1,Kisite,11/12/2018,Padina,17.33,100
52_1,52,1,Kisite,11/12/2018,Sargassum,44.36,96.54937065
52_1,52,1,Kisite,11/12/2018,Thalassia,1.57,100
52_10,52,10,Kisite,11/12/2018,Padina,15.92,92.96509593
52_10,52,10,Kisite,11/12/2018,Sargassum,39.22,95.91477007
52_10,52,10,Kisite,11/12/2018,Thalassia,1.55,52.92129456
52_11,52,11,Kisite,11/12/2018,Padina,16.31,100
52_11,52,11,Kisite,11/12/2018,Sargassum,41.97,92.39897842
52_11,52,11,Kisite,11/12/2018,Thalassia,1.36,39.84037975
52_2,52,2,Kisite,11/12/2018,Padina,18.66,100
52_2,52,2,Kisite,11/12/2018,Sargassum,37.04,100
52_2,52,2,Kisite,11/12/2018,Thalassia,1.37,31.4021296
52_3,52,3,Kisite,11/12/2018,Padina,16.32,91.67924305
52_3,52,3,Kisite,11/12/2018,Sargassum,40.89,93.14282817
52_3,52,3,Kisite,11/12/2018,Thalassia,1.52,35.26208717
52_5,52,5,Kisite,11/12/2018,Padina,18.71,100
52_5,52,5,Kisite,11/12/2018,Sargassum,31,98.70788131
52_5,52,5,Kisite,11/12/2018,Thalassia,1.21,100
52_6,52,6,Kisite,11/12/2018,Padina,17.7,87.18693573
52_6,52,6,Kisite,11/12/2018,Sargassum,38.26,96.56007532
52_6,52,6,Kisite,11/12/2018,Thalassia,1.59,71.4898825
52_7,52,7,Kisite,11/12/2018,Padina,17.46,100
52_7,52,7,Kisite,11/12/2018,Sargassum,47.57,98.91738156
52_7,52,7,Kisite,11/12/2018,Thalassia,1.46,49.26189747
52_8,52,8,Kisite,11/12/2018,Padina,20,91.60032454
52_8,52,8,Kisite,11/12/2018,Sargassum,35.26,91.64221906
52_8,52,8,Kisite,11/12/2018,Thalassia,1.26,43.84069769
52_9,52,9,Kisite,11/12/2018,Padina,17.77,100
52_9,52,9,Kisite,11/12/2018,Sargassum,39,100
52_9,52,9,Kisite,11/12/2018,Thalassia,1.46,60.62117415
53_1,53,1,Firefly,13/12/2018,Padina,16.19,0
53_1,53,1,Firefly,13/12/2018,Sargassum,40.83,2.648162714
53_1,53,1,Firefly,13/12/2018,Thalassia,1.59,4.912188409
53_11,53,11,Firefly,13/12/2018,Padina,17.03,0
53_11,53,11,Firefly,13/12/2018,Sargassum,40.26,25.5794976
53_11,53,11,Firefly,13/12/2018,Thalassia,2.12,31.46991704
53_2,53,2,Firefly,13/12/2018,Padina,16.28,0
53_2,53,2,Firefly,13/12/2018,Sargassum,40.86,13.16375436
53_2,53,2,Firefly,13/12/2018,Thalassia,2,4.325318322
53_3,53,3,Firefly,13/12/2018,Padina,18.44,21.62438683
53_3,53,3,Firefly,13/12/2018,Sargassum,41.55,0
53_3,53,3,Firefly,13/12/2018,Thalassia,1.69,0
53_4,53,4,Firefly,13/12/2018,Padina,16.1,0
53_4,53,4,Firefly,13/12/2018,Sargassum,42.39,0
53_4,53,4,Firefly,13/12/2018,Thalassia,1.51,0
53_5,53,5,Firefly,13/12/2018,Padina,17.6,100
53_5,53,5,Firefly,13/12/2018,Sargassum,37.62,41.41400243
53_5,53,5,Firefly,13/12/2018,Thalassia,1.77,26.59402257
53_6,53,6,Firefly,13/12/2018,Padina,17.24,70.31306145
53_6,53,6,Firefly,13/12/2018,Sargassum,38.63,38.97677113
53_6,53,6,Firefly,13/12/2018,Thalassia,1.8,2.225462483
53_7,53,7,Firefly,13/12/2018,Padina,15.4,0
53_7,53,7,Firefly,13/12/2018,Sargassum,39.92,0
53_7,53,7,Firefly,13/12/2018,Thalassia,1.6,0
53_8,53,8,Firefly,13/12/2018,Padina,16.42,15.61631091
53_8,53,8,Firefly,13/12/2018,Sargassum,36.93,0
53_8,53,8,Firefly,13/12/2018,Thalassia,1.47,0
53_9,53,9,Firefly,13/12/2018,Padina,14.09,0
53_9,53,9,Firefly,13/12/2018,Sargassum,45.1,4.44282097
53_9,53,9,Firefly,13/12/2018,Thalassia,1.41,0
54_1,54,1,Lower Mpunguti,18/12/2018,Padina,16.58,84.24589187
54_1,54,1,Lower Mpunguti,18/12/2018,Sargassum,32.62,37.3520019
54_1,54,1,Lower Mpunguti,18/12/2018,Thalassia,1.42,64.75641115
54_10,54,10,Lower Mpunguti,18/12/2018,Padina,14.86,90.58640463
54_10,54,10,Lower Mpunguti,18/12/2018,Sargassum,44.31,23.70492596
54_10,54,10,Lower Mpunguti,18/12/2018,Thalassia,1.36,41.45700649
54_11,54,11,Lower Mpunguti,18/12/2018,Padina,16.31,55.06718387
54_11,54,11,Lower Mpunguti,18/12/2018,Sargassum,35.03,0
54_11,54,11,Lower Mpunguti,18/12/2018,Thalassia,1.83,39.71122792
54_2,54,2,Lower Mpunguti,18/12/2018,Padina,15.73,64.74301392
54_2,54,2,Lower Mpunguti,18/12/2018,Sargassum,41.47,15.71551226
54_2,54,2,Lower Mpunguti,18/12/2018,Thalassia,1.49,68.70223089
54_3,54,3,Lower Mpunguti,18/12/2018,Padina,14.14,74.26087294
54_3,54,3,Lower Mpunguti,18/12/2018,Sargassum,38.94,14.9636435
54_3,54,3,Lower Mpunguti,18/12/2018,Thalassia,1.35,0
54_4,54,4,Lower Mpunguti,18/12/2018,Padina,16.54,18.56909097
54_4,54,4,Lower Mpunguti,18/12/2018,Sargassum,41.93,8.819223945
54_4,54,4,Lower Mpunguti,18/12/2018,Thalassia,1.32,61.22477053
54_5,54,5,Lower Mpunguti,18/12/2018,Padina,16.7,63.97402935
54_5,54,5,Lower Mpunguti,18/12/2018,Sargassum,32.52,0
54_5,54,5,Lower Mpunguti,18/12/2018,Thalassia,1.14,0
54_7,54,7,Lower Mpunguti,18/12/2018,Padina,15.52,100
54_7,54,7,Lower Mpunguti,18/12/2018,Sargassum,37.66,12.60435862
54_7,54,7,Lower Mpunguti,18/12/2018,Thalassia,1.22,13.29604428
54_8,54,8,Lower Mpunguti,18/12/2018,Padina,14.62,0
54_8,54,8,Lower Mpunguti,18/12/2018,Sargassum,38.35,0
54_8,54,8,Lower Mpunguti,18/12/2018,Thalassia,1,0
54_9,54,9,Lower Mpunguti,18/12/2018,Padina,14.2,66.08770748
54_9,54,9,Lower Mpunguti,18/12/2018,Sargassum,40,6.7859292
54_9,54,9,Lower Mpunguti,18/12/2018,Thalassia,1.2,19.43368989
55_1,55,1,Lower Mpunguti,18/12/2018,Padina,21.22,15.11840992
55_1,55,1,Lower Mpunguti,18/12/2018,Sargassum,38.03,0
55_1,55,1,Lower Mpunguti,18/12/2018,Thalassia,1.65,38.64897027
55_10,55,10,Lower Mpunguti,18/12/2018,Padina,19.76,36.72526626
55_10,55,10,Lower Mpunguti,18/12/2018,Sargassum,39.61,9.53649267
55_10,55,10,Lower Mpunguti,18/12/2018,Thalassia,1.44,19.43368989
55_11,55,11,Lower Mpunguti,18/12/2018,Padina,16.07,84.74735346
55_11,55,11,Lower Mpunguti,18/12/2018,Sargassum,35.17,20.17572217
55_11,55,11,Lower Mpunguti,18/12/2018,Thalassia,1.48,50.81484407
55_2,55,2,Lower Mpunguti,18/12/2018,Padina,19.87,7.669278488
55_2,55,2,Lower Mpunguti,18/12/2018,Sargassum,42.41,0
55_2,55,2,Lower Mpunguti,18/12/2018,Thalassia,1.55,23.68367741
55_3,55,3,Lower Mpunguti,18/12/2018,Padina,18.75,0
55_3,55,3,Lower Mpunguti,18/12/2018,Sargassum,35.72,0
55_3,55,3,Lower Mpunguti,18/12/2018,Thalassia,1.48,37.75003702
55_4,55,4,Lower Mpunguti,18/12/2018,Padina,16.34,0
55_4,55,4,Lower Mpunguti,18/12/2018,Sargassum,37.66,0
55_4,55,4,Lower Mpunguti,18/12/2018,Thalassia,1.73,0
55_6,55,6,Lower Mpunguti,18/12/2018,Padina,18.62,11.17756511
55_6,55,6,Lower Mpunguti,18/12/2018,Sargassum,42.45,0
55_6,55,6,Lower Mpunguti,18/12/2018,Thalassia,1.49,18.32045623
55_7,55,7,Lower Mpunguti,18/12/2018,Padina,20.55,52.7719375
55_7,55,7,Lower Mpunguti,18/12/2018,Sargassum,34.98,39.48267924
55_7,55,7,Lower Mpunguti,18/12/2018,Thalassia,1.56,51.878946
55_8,55,8,Lower Mpunguti,18/12/2018,Padina,18.38,67.26693635
55_8,55,8,Lower Mpunguti,18/12/2018,Sargassum,35.75,0
55_8,55,8,Lower Mpunguti,18/12/2018,Thalassia,1.62,55.0654131
55_9,55,9,Lower Mpunguti,18/12/2018,Padina,17.93,72.45209993
55_9,55,9,Lower Mpunguti,18/12/2018,Sargassum,38.33,66.5083559
55_9,55,9,Lower Mpunguti,18/12/2018,Thalassia,1.55,84.58997332
56_1,56,1,Dolphin Point,18/12/2018,Padina,16.44,71.56426447
56_1,56,1,Dolphin Point,18/12/2018,Sargassum,39.47,19.3729431
56_1,56,1,Dolphin Point,18/12/2018,Thalassia,1.81,62.31073411
56_10,56,10,Dolphin Point,18/12/2018,Padina,16.52,76.44510387
56_10,56,10,Dolphin Point,18/12/2018,Sargassum,32.44,75.48459577
56_10,56,10,Dolphin Point,18/12/2018,Thalassia,1.39,56.96290468
56_11,56,11,Dolphin Point,18/12/2018,Padina,15.75,100
56_11,56,11,Dolphin Point,18/12/2018,Sargassum,41.72,48.44913091
56_11,56,11,Dolphin Point,18/12/2018,Thalassia,1.56,70.39868702
56_2,56,2,Dolphin Point,18/12/2018,Padina,16.82,63.6002375
56_2,56,2,Dolphin Point,18/12/2018,Sargassum,39,57.32245089
56_2,56,2,Dolphin Point,18/12/2018,Thalassia,1.44,45.33848456
56_3,56,3,Dolphin Point,18/12/2018,Padina,16.49,78.57678743
56_3,56,3,Dolphin Point,18/12/2018,Sargassum,38.94,83.30734715
56_3,56,3,Dolphin Point,18/12/2018,Thalassia,1.65,86.64271332
56_4,56,4,Dolphin Point,18/12/2018,Padina,13.7,75.95887814
56_4,56,4,Dolphin Point,18/12/2018,Sargassum,38.16,47.7370362
56_4,56,4,Dolphin Point,18/12/2018,Thalassia,1.56,60.98008744
56_5,56,5,Dolphin Point,18/12/2018,Padina,14.1,100
56_5,56,5,Dolphin Point,18/12/2018,Sargassum,37.77,69.62220033
56_5,56,5,Dolphin Point,18/12/2018,Thalassia,1.5,68.51496711
56_6,56,6,Dolphin Point,18/12/2018,Padina,18.91,100
56_6,56,6,Dolphin Point,18/12/2018,Sargassum,37.61,81.01493684
56_6,56,6,Dolphin Point,18/12/2018,Thalassia,1.48,46.81582282
56_7,56,7,Dolphin Point,18/12/2018,Padina,16.03,100
56_7,56,7,Dolphin Point,18/12/2018,Sargassum,41.96,22.71989966
56_7,56,7,Dolphin Point,18/12/2018,Thalassia,1.46,89.93629086
56_8,56,8,Dolphin Point,18/12/2018,Padina,16.52,42.3588378
56_8,56,8,Dolphin Point,18/12/2018,Sargassum,33.94,3.297947231
56_8,56,8,Dolphin Point,18/12/2018,Thalassia,1.57,0
58_1,58,1,Pilli Pipa,20/12/2018,Padina,15.36,15.99041996
58_1,58,1,Pilli Pipa,20/12/2018,Sargassum,41.49,34.9148633
58_1,58,1,Pilli Pipa,20/12/2018,Thalassia,1.79,22.12916058
58_10,58,10,Pilli Pipa,20/12/2018,Padina,17.71,67.29679463
58_10,58,10,Pilli Pipa,20/12/2018,Sargassum,36.85,14.8054279
58_10,58,10,Pilli Pipa,20/12/2018,Thalassia,1.5,0
58_11,58,11,Pilli Pipa,20/12/2018,Padina,17.33,100
58_11,58,11,Pilli Pipa,20/12/2018,Sargassum,35.22,15.98541891
58_11,58,11,Pilli Pipa,20/12/2018,Thalassia,1.52,0
58_2,58,2,Pilli Pipa,20/12/2018,Padina,16.77,100
58_2,58,2,Pilli Pipa,20/12/2018,Sargassum,38.3,35.3668225
58_2,58,2,Pilli Pipa,20/12/2018,Thalassia,1.38,5.777631835
58_3,58,3,Pilli Pipa,20/12/2018,Padina,16.65,8.621232658
58_3,58,3,Pilli Pipa,20/12/2018,Sargassum,37.66,64.99426915
58_3,58,3,Pilli Pipa,20/12/2018,Thalassia,1.37,0
58_4,58,4,Pilli Pipa,20/12/2018,Padina,14.62,0.962078131
58_4,58,4,Pilli Pipa,20/12/2018,Sargassum,35.06,24.72797109
58_4,58,4,Pilli Pipa,20/12/2018,Thalassia,1.75,55.41935952
58_6,58,6,Pilli Pipa,20/12/2018,Padina,15.52,76.21709132
58_6,58,6,Pilli Pipa,20/12/2018,Sargassum,35.05,37.23253429
58_6,58,6,Pilli Pipa,20/12/2018,Thalassia,1.58,34.1636111
58_7,58,7,Pilli Pipa,20/12/2018,Padina,15.26,49.55891618
58_7,58,7,Pilli Pipa,20/12/2018,Sargassum,40.78,45.99300248
58_7,58,7,Pilli Pipa,20/12/2018,Thalassia,1.52,0
58_8,58,8,Pilli Pipa,20/12/2018,Padina,15.46,53.22011748
58_8,58,8,Pilli Pipa,20/12/2018,Sargassum,36.56,98.88138242
58_8,58,8,Pilli Pipa,20/12/2018,Thalassia,1.56,51.99007948
58_9,58,9,Pilli Pipa,20/12/2018,Padina,20.53,9.958372424
58_9,58,9,Pilli Pipa,20/12/2018,Sargassum,36.18,68.31649286
58_9,58,9,Pilli Pipa,20/12/2018,Thalassia,1.46,40.86449288
61_1,61,1,Firefly,22/12/2018,Padina,16.75,0
61_1,61,1,Firefly,22/12/2018,Sargassum,37.52,22.69874434
61_1,61,1,Firefly,22/12/2018,Thalassia,1.68,65.54924014
61_11,61,11,Firefly,22/12/2018,Padina,18.51,0
61_11,61,11,Firefly,22/12/2018,Sargassum,34.33,12.0917548
61_11,61,11,Firefly,22/12/2018,Thalassia,1.52,0
61_2,61,2,Firefly,22/12/2018,Padina,16.79,63.04182417
61_2,61,2,Firefly,22/12/2018,Sargassum,35.11,0
61_2,61,2,Firefly,22/12/2018,Thalassia,1.42,4.341954504
61_3,61,3,Firefly,22/12/2018,Padina,16.9,0
61_3,61,3,Firefly,22/12/2018,Sargassum,34.61,12.13844631
61_3,61,3,Firefly,22/12/2018,Thalassia,1.63,0
61_4,61,4,Firefly,22/12/2018,Padina,16.49,0
61_4,61,4,Firefly,22/12/2018,Sargassum,35.68,0
61_4,61,4,Firefly,22/12/2018,Thalassia,1.65,6.938207122
61_5,61,5,Firefly,22/12/2018,Padina,17.77,0
61_5,61,5,Firefly,22/12/2018,Sargassum,38.36,16.33100401
61_5,61,5,Firefly,22/12/2018,Thalassia,1.44,6.490794656
61_6,61,6,Firefly,22/12/2018,Padina,19.42,0
61_6,61,6,Firefly,22/12/2018,Sargassum,41.22,8.280749165
61_6,61,6,Firefly,22/12/2018,Thalassia,1.47,0
61_7,61,7,Firefly,22/12/2018,Padina,18.36,0
61_7,61,7,Firefly,22/12/2018,Sargassum,37.11,11.65352647
61_7,61,7,Firefly,22/12/2018,Thalassia,1.61,16.36443746
61_8,61,8,Firefly,22/12/2018,Padina,16.74,0
61_8,61,8,Firefly,22/12/2018,Sargassum,38.96,0
61_8,61,8,Firefly,22/12/2018,Thalassia,1.53,0
61_9,61,9,Firefly,22/12/2018,Padina,17.25,0
61_9,61,9,Firefly,22/12/2018,Sargassum,37.78,0
61_9,61,9,Firefly,22/12/2018,Thalassia,1.53,0
63_1,63,1,Pilli Pipa,28/12/2018,Padina,18.57,9.989149509
63_1,63,1,Pilli Pipa,28/12/2018,Sargassum,39.25,35.95053067
63_1,63,1,Pilli Pipa,28/12/2018,Thalassia,1.73,35.66300632
63_10,63,10,Pilli Pipa,28/12/2018,Padina,16.15,68.59738955
63_10,63,10,Pilli Pipa,28/12/2018,Sargassum,40.27,46.38433041
63_10,63,10,Pilli Pipa,28/12/2018,Thalassia,1.57,1.941521151
63_11,63,11,Pilli Pipa,28/12/2018,Padina,17.95,12.22993412
63_11,63,11,Pilli Pipa,28/12/2018,Sargassum,39.55,0
63_11,63,11,Pilli Pipa,28/12/2018,Thalassia,1.88,19.77065587
63_2,63,2,Pilli Pipa,28/12/2018,Padina,18.59,27.76208147
63_2,63,2,Pilli Pipa,28/12/2018,Sargassum,34.12,0
63_2,63,2,Pilli Pipa,28/12/2018,Thalassia,1.6,31.08575992
63_3,63,3,Pilli Pipa,28/12/2018,Padina,16.08,0
63_3,63,3,Pilli Pipa,28/12/2018,Sargassum,35.19,0
63_3,63,3,Pilli Pipa,28/12/2018,Thalassia,1.47,0
63_4,63,4,Pilli Pipa,28/12/2018,Padina,17.21,53.879248
63_4,63,4,Pilli Pipa,28/12/2018,Sargassum,38.51,91.44173056
63_4,63,4,Pilli Pipa,28/12/2018,Thalassia,1.6,0.529445928
63_5,63,5,Pilli Pipa,28/12/2018,Padina,16.76,0
63_5,63,5,Pilli Pipa,28/12/2018,Sargassum,39.37,0
63_5,63,5,Pilli Pipa,28/12/2018,Thalassia,1.82,0
63_6,63,6,Pilli Pipa,28/12/2018,Padina,17.22,55.82298269
63_6,63,6,Pilli Pipa,28/12/2018,Sargassum,36.04,57.8804732
63_6,63,6,Pilli Pipa,28/12/2018,Thalassia,1.58,0
63_7,63,7,Pilli Pipa,28/12/2018,Padina,17.82,0
63_7,63,7,Pilli Pipa,28/12/2018,Sargassum,37.59,23.58635656
63_7,63,7,Pilli Pipa,28/12/2018,Thalassia,1.58,1.903780546
63_8,63,8,Pilli Pipa,28/12/2018,Padina,17.89,28.12264958
63_8,63,8,Pilli Pipa,28/12/2018,Sargassum,41.14,3.953841938
63_8,63,8,Pilli Pipa,28/12/2018,Thalassia,1.51,19.4005639
65_1,65,1,Pilli Pipa,03/01/2019,Padina,17.76,0
65_1,65,1,Pilli Pipa,03/01/2019,Sargassum,35.89,53.07940744
65_1,65,1,Pilli Pipa,03/01/2019,Thalassia,1.74,41.41318128
65_10,65,10,Pilli Pipa,03/01/2019,Padina,20.45,53.40900438
65_10,65,10,Pilli Pipa,03/01/2019,Sargassum,39.31,12.24234415
65_10,65,10,Pilli Pipa,03/01/2019,Thalassia,1.59,3.174961137
65_11,65,11,Pilli Pipa,03/01/2019,Padina,18.56,19.15677943
65_11,65,11,Pilli Pipa,03/01/2019,Sargassum,38.83,31.01387718
65_11,65,11,Pilli Pipa,03/01/2019,Thalassia,1.67,30.23708156
65_2,65,2,Pilli Pipa,03/01/2019,Padina,18.67,0
65_2,65,2,Pilli Pipa,03/01/2019,Sargassum,39.67,21.83188785
65_2,65,2,Pilli Pipa,03/01/2019,Thalassia,1.77,47.69540674
65_3,65,3,Pilli Pipa,03/01/2019,Padina,15.22,100
65_3,65,3,Pilli Pipa,03/01/2019,Sargassum,40.07,25.94426138
65_3,65,3,Pilli Pipa,03/01/2019,Thalassia,1.73,9.20667247
65_4,65,4,Pilli Pipa,03/01/2019,Padina,15.99,0
65_4,65,4,Pilli Pipa,03/01/2019,Sargassum,38.45,16.91155382
65_4,65,4,Pilli Pipa,03/01/2019,Thalassia,1.42,6.234145844
65_5,65,5,Pilli Pipa,03/01/2019,Padina,17.32,100
65_5,65,5,Pilli Pipa,03/01/2019,Sargassum,36.12,48.68269888
65_5,65,5,Pilli Pipa,03/01/2019,Thalassia,1.72,0
65_6,65,6,Pilli Pipa,03/01/2019,Padina,16.14,39.85184247
65_6,65,6,Pilli Pipa,03/01/2019,Sargassum,36.67,32.13302508
65_6,65,6,Pilli Pipa,03/01/2019,Thalassia,1.55,11.41395311
65_7,65,7,Pilli Pipa,03/01/2019,Padina,17,40.1585166
65_7,65,7,Pilli Pipa,03/01/2019,Sargassum,37.04,43.94959898
65_7,65,7,Pilli Pipa,03/01/2019,Thalassia,1.56,1.97974561
65_9,65,9,Pilli Pipa,03/01/2019,Padina,18.3,38.83410767
65_9,65,9,Pilli Pipa,03/01/2019,Sargassum,36.49,34.40237378
65_9,65,9,Pilli Pipa,03/01/2019,Thalassia,1.68,23.84140585
69_10,69,10,Firefly,10/01/2019,Padina,17.68,37.15407421
69_10,69,10,Firefly,10/01/2019,Sargassum,36.36,29.33380344
69_10,69,10,Firefly,10/01/2019,Thalassia,1.69,0
69_11,69,11,Firefly,10/01/2019,Padina,15.17,27.6297411
69_11,69,11,Firefly,10/01/2019,Sargassum,36.14,6.454001997
69_2,69,2,Firefly,10/01/2019,Padina,16.42,48.23928736
69_2,69,2,Firefly,10/01/2019,Sargassum,38.89,32.81398382
69_2,69,2,Firefly,10/01/2019,Thalassia,1.57,0
69_3,69,3,Firefly,10/01/2019,Padina,15.67,0
69_3,69,3,Firefly,10/01/2019,Sargassum,38.04,0
69_3,69,3,Firefly,10/01/2019,Thalassia,1.58,0
69_4,69,4,Firefly,10/01/2019,Padina,16.42,0
69_4,69,4,Firefly,10/01/2019,Sargassum,35.83,0
69_4,69,4,Firefly,10/01/2019,Thalassia,1.43,0
69_5,69,5,Firefly,10/01/2019,Padina,15.12,27.82888509
69_5,69,5,Firefly,10/01/2019,Sargassum,44.61,39.71026181
69_5,69,5,Firefly,10/01/2019,Thalassia,1.64,0
69_6,69,6,Firefly,10/01/2019,Padina,15.76,14.26989786
69_6,69,6,Firefly,10/01/2019,Sargassum,41.95,24.58769832
69_6,69,6,Firefly,10/01/2019,Thalassia,1.84,50.57064889
69_7,69,7,Firefly,10/01/2019,Padina,15.14,9.445500631
69_7,69,7,Firefly,10/01/2019,Sargassum,39.07,2.285120016
69_7,69,7,Firefly,10/01/2019,Thalassia,1.48,0
69_8,69,8,Firefly,10/01/2019,Padina,19.68,49.73923394
69_8,69,8,Firefly,10/01/2019,Sargassum,38.79,100
69_8,69,8,Firefly,10/01/2019,Thalassia,1.63,0
69_9,69,9,Firefly,10/01/2019,Padina,16.82,24.08708541
69_9,69,9,Firefly,10/01/2019,Sargassum,36.81,15.02931545
69_9,69,9,Firefly,10/01/2019,Thalassia,1.74,0
72_1,72,1,Firefly,14/01/2019,Padina,17.02,11.50185941
72_1,72,1,Firefly,14/01/2019,Sargassum,37.37,100
72_1,72,1,Firefly,14/01/2019,Thalassia,1.72,0
72_10,72,10,Firefly,14/01/2019,Padina,19.58,12.44091637
72_10,72,10,Firefly,14/01/2019,Sargassum,36.47,10.52356945
72_10,72,10,Firefly,14/01/2019,Thalassia,1.38,0
72_11,72,11,Firefly,14/01/2019,Padina,18.62,23.94864673
72_11,72,11,Firefly,14/01/2019,Sargassum,36.9,58.03378757
72_11,72,11,Firefly,14/01/2019,Thalassia,1.59,0
72_2,72,2,Firefly,14/01/2019,Padina,15.33,100
72_2,72,2,Firefly,14/01/2019,Sargassum,41.04,0
72_2,72,2,Firefly,14/01/2019,Thalassia,1.55,20.74737639
72_3,72,3,Firefly,14/01/2019,Padina,16.85,10.92375688
72_3,72,3,Firefly,14/01/2019,Sargassum,38.41,19.79962033
72_3,72,3,Firefly,14/01/2019,Thalassia,1.48,0
72_5,72,5,Firefly,14/01/2019,Padina,16.22,0
72_5,72,5,Firefly,14/01/2019,Sargassum,38.04,18.28060896
72_5,72,5,Firefly,14/01/2019,Thalassia,1.39,12.47453404
72_6,72,6,Firefly,14/01/2019,Padina,16.84,0.792654742
72_6,72,6,Firefly,14/01/2019,Sargassum,35.46,37.01658306
72_6,72,6,Firefly,14/01/2019,Thalassia,1.81,0
72_7,72,7,Firefly,14/01/2019,Padina,17.59,15.04803147
72_7,72,7,Firefly,14/01/2019,Sargassum,35.22,3.03095284
72_7,72,7,Firefly,14/01/2019,Thalassia,1.63,0
72_8,72,8,Firefly,14/01/2019,Padina,17.13,3.168799313
72_8,72,8,Firefly,14/01/2019,Sargassum,34.88,0
72_8,72,8,Firefly,14/01/2019,Thalassia,1.79,0
72_9,72,9,Firefly,14/01/2019,Padina,16.33,39.99690889
72_9,72,9,Firefly,14/01/2019,Sargassum,37.6,0
72_9,72,9,Firefly,14/01/2019,Thalassia,1.91,0
76_10,76,10,Kisite,17/01/2019,Padina,17.47,100
76_10,76,10,Kisite,17/01/2019,Sargassum,35.44,100
76_10,76,10,Kisite,17/01/2019,Thalassia,1.84,87.38132525
76_11,76,11,Kisite,17/01/2019,Padina,19.38,100
76_11,76,11,Kisite,17/01/2019,Sargassum,37.17,100
76_11,76,11,Kisite,17/01/2019,Thalassia,1.89,100
76_2,76,2,Kisite,17/01/2019,Padina,18.41,100
76_2,76,2,Kisite,17/01/2019,Sargassum,39.99,92.91695734
76_2,76,2,Kisite,17/01/2019,Thalassia,1.27,100
76_3,76,3,Kisite,17/01/2019,Padina,18.23,100
76_3,76,3,Kisite,17/01/2019,Sargassum,37.3,100
76_3,76,3,Kisite,17/01/2019,Thalassia,1.36,78.04986829
76_4,76,4,Kisite,17/01/2019,Padina,16.54,100
76_4,76,4,Kisite,17/01/2019,Sargassum,35.06,90.533659
76_4,76,4,Kisite,17/01/2019,Thalassia,1.44,100
76_5,76,5,Kisite,17/01/2019,Padina,19.34,100
76_5,76,5,Kisite,17/01/2019,Sargassum,34.76,89.17614284
76_5,76,5,Kisite,17/01/2019,Thalassia,1.39,95.22746936
76_6,76,6,Kisite,17/01/2019,Padina,15.06,100
76_6,76,6,Kisite,17/01/2019,Sargassum,37.75,100
76_6,76,6,Kisite,17/01/2019,Thalassia,1.51,100
76_7,76,7,Kisite,17/01/2019,Padina,16.43,100
76_7,76,7,Kisite,17/01/2019,Sargassum,36.29,100
76_7,76,7,Kisite,17/01/2019,Thalassia,1.53,100
76_8,76,8,Kisite,17/01/2019,Padina,16.94,100
76_8,76,8,Kisite,17/01/2019,Sargassum,34.58,85.68612628
76_8,76,8,Kisite,17/01/2019,Thalassia,1.77,100
76_9,76,9,Kisite,17/01/2019,Padina,17.21,100
76_9,76,9,Kisite,17/01/2019,Sargassum,37.35,92.72272031
76_9,76,9,Kisite,17/01/2019,Thalassia,1.72,100
77_1,77,1,Wasini,22/01/2019,Padina,18.34,76.80084415
77_1,77,1,Wasini,22/01/2019,Sargassum,33.42,66.97593524
77_1,77,1,Wasini,22/01/2019,Thalassia,1.44,100
77_10,77,10,Wasini,22/01/2019,Padina,20.82,51.28445148
77_10,77,10,Wasini,22/01/2019,Sargassum,38.58,0
77_10,77,10,Wasini,22/01/2019,Thalassia,1.86,100
77_11,77,11,Wasini,22/01/2019,Padina,21.05,100
77_11,77,11,Wasini,22/01/2019,Sargassum,37.33,48.03304557
77_11,77,11,Wasini,22/01/2019,Thalassia,1.93,75.76405756
77_3,77,3,Wasini,22/01/2019,Padina,19.12,48.30169942
77_3,77,3,Wasini,22/01/2019,Sargassum,39.87,17.5563719
77_3,77,3,Wasini,22/01/2019,Thalassia,1.65,5.289542306
77_4,77,4,Wasini,22/01/2019,Padina,15.72,100
77_4,77,4,Wasini,22/01/2019,Sargassum,38.26,33.17519458
77_4,77,4,Wasini,22/01/2019,Thalassia,1.51,47.90220803
77_5,77,5,Wasini,22/01/2019,Padina,16.57,50.80682852
77_5,77,5,Wasini,22/01/2019,Sargassum,37.78,55.19572212
77_5,77,5,Wasini,22/01/2019,Thalassia,1.49,38.64121834
77_6,77,6,Wasini,22/01/2019,Padina,17.61,39.71990662
77_6,77,6,Wasini,22/01/2019,Sargassum,36.06,15.66644503
77_6,77,6,Wasini,22/01/2019,Thalassia,1.55,6.037748686
77_7,77,7,Wasini,22/01/2019,Padina,17,80.36539973
77_7,77,7,Wasini,22/01/2019,Sargassum,38.36,26.83888146
77_7,77,7,Wasini,22/01/2019,Thalassia,1.68,100
77_8,77,8,Wasini,22/01/2019,Padina,15.96,24.42219599
77_8,77,8,Wasini,22/01/2019,Sargassum,42.27,37.15727064
77_8,77,8,Wasini,22/01/2019,Thalassia,1.82,80.72443589
77_9,77,9,Wasini,22/01/2019,Padina,17.74,90.55183845
77_9,77,9,Wasini,22/01/2019,Sargassum,40.48,39.33274185
77_9,77,9,Wasini,22/01/2019,Thalassia,1.62,59.31435365
